{
    ".gitignore": "# Logs\nlogs\n*.log\nnpm-debug.log*\nyarn-debug.log*\nyarn-error.log*\nlerna-debug.log*\n.pnpm-debug.log*\n\n# Diagnostic reports (https://nodejs.org/api/report.html)\nreport.[0-9]*.[0-9]*.[0-9]*.[0-9]*.json\n\n# Runtime data\npids\n*.pid\n*.seed\n*.pid.lock\n\n# Directory for instrumented libs generated by jscoverage/JSCover\nlib-cov\n\n# Coverage directory used by tools like istanbul\ncoverage\n*.lcov\n\n# nyc test coverage\n.nyc_output\n\n# Grunt intermediate storage (https://gruntjs.com/creating-plugins#storing-task-files)\n.grunt\n\n# Bower dependency directory (https://bower.io/)\nbower_components\n\n# node-waf configuration\n.lock-wscript\n\n# Compiled binary addons (https://nodejs.org/api/addons.html)\nbuild/Release\n\n# Dependency directories\nnode_modules/\njspm_packages/\n\n# Snowpack dependency directory (https://snowpack.dev/)\nweb_modules/\n\n# TypeScript cache\n*.tsbuildinfo\n\n# Optional npm cache directory\n.npm\n\n# Optional eslint cache\n.eslintcache\n\n# Optional stylelint cache\n.stylelintcache\n\n# Microbundle cache\n.rpt2_cache/\n.rts2_cache_cjs/\n.rts2_cache_es/\n.rts2_cache_umd/\n\n# Optional REPL history\n.node_repl_history\n\n# Output of 'npm pack'\n*.tgz\n\n# Yarn Integrity file\n.yarn-integrity\n\n# dotenv environment variable files\n.env\n.env.development.local\n.env.test.local\n.env.production.local\n.env.local\n\n# parcel-bundler cache (https://parceljs.org/)\n.cache\n.parcel-cache\n\n# Next.js build output\n.next\nout\n\n# Nuxt.js build / generate output\n.nuxt\ndist\n\n# Gatsby files\n.cache/\n# Comment in the public line in if your project uses Gatsby and not Next.js\n# https://nextjs.org/blog/next-9-1#public-directory-support\n# public\n\n# vuepress build output\n.vuepress/dist\n\n# vuepress v2.x temp and cache directory\n.temp\n.cache\n\n# Docusaurus cache and generated files\n.docusaurus\n\n# Serverless directories\n.serverless/\n\n# FuseBox cache\n.fusebox/\n\n# DynamoDB Local files\n.dynamodb/\n\n# TernJS port file\n.tern-port\n\n# Stores VSCode versions used for testing VSCode extensions\n.vscode-test\n\n# yarn v2\n.yarn/cache\n.yarn/unplugged\n.yarn/build-state.yml\n.yarn/install-state.gz\n.pnp.*\n",
    "babel.config.json": "{\n    \"presets\": [\"@babel/preset-env\", \"@babel/preset-react\"]\n  }\n  ",
    "backend": {
        "app.py": "from flask import Flask, request, jsonify, session, g\nfrom datasets import load_dataset\nimport nltk\nimport random\n\n# -----------------------------\n# Flaskアプリの初期設定\n# -----------------------------\napp = Flask(__name__)\napp.secret_key = \"YOUR_SECRET_KEY\"  # 開発用途のダミーキー\n\n# -----------------------------\n# グローバル変数 (簡易メモリ保持)\n# -----------------------------\napp.config[\"SHUFFLED_DATA\"] = None      # シャッフル後の英日ペアを保管するリスト\napp.config[\"CURRENT_INDEX\"] = 0         # 学習進捗のカウンター\napp.config[\"PHASE\"] = 1                # 現在のフェーズ (1, 2, 3 を想定)\n\n# -----------------------------\n# データセットロードと初期化\n# -----------------------------\ndef init_dataset(seed=42):\n    \"\"\"英日ペアデータをロードし、指定シードでシャッフルしたリストを返す。\"\"\"\n    ds = load_dataset(\"OzoneAsai/EnglishFlashcards\")\n    # ds[\"enja\"] = Dataset({features: [\"English\", \"Japanese\"], num_rows: ~23508})\n    data_list = list(zip(ds[\"enja\"][\"English\"], ds[\"enja\"][\"Japanese\"]))\n    random.seed(seed)\n    random.shuffle(data_list)\n    return data_list\n\n# -----------------------------\n# アプリ起動時のフック (必要に応じて)\n# -----------------------------\n@app.before_first_request\ndef before_first_request():\n    \"\"\"サーバー起動後、初回リクエスト前にシャッフル済みのデータを読み込む。\"\"\"\n    if app.config[\"SHUFFLED_DATA\"] is None:\n        app.config[\"SHUFFLED_DATA\"] = init_dataset(seed=42)  # シードを固定\n        app.config[\"CURRENT_INDEX\"] = 0\n        app.config[\"PHASE\"] = 1\n\n# -----------------------------\n# エンドポイント: /start\n# データセットの再初期化 & 学習サイクル開始\n# -----------------------------\n@app.route(\"/start\", methods=[\"GET\"])\ndef start():\n    # 毎回初期化したい場合などはここでリセットする\n    seed = request.args.get(\"seed\", 42, type=int)\n    shuffled_data = init_dataset(seed)\n    app.config[\"SHUFFLED_DATA\"] = shuffled_data\n    app.config[\"CURRENT_INDEX\"] = 0\n    app.config[\"PHASE\"] = 1\n    \n    # 10件を切り出して返す (Phase1)\n    slice_data = shuffled_data[0:10]\n    response_data = []\n    for eng, jpn in slice_data:\n        response_data.append({\"English\": eng, \"Japanese\": jpn})\n    \n    return jsonify({\n        \"message\": \"Phase1 started with fresh data.\",\n        \"phase\": app.config[\"PHASE\"],\n        \"current_index\": app.config[\"CURRENT_INDEX\"],\n        \"rows\": response_data\n    })\n\n# -----------------------------\n# エンドポイント: /phase1\n# 10行分を返して、リスニング+リーディングを行う\n# -----------------------------\n@app.route(\"/phase1\", methods=[\"GET\"])\ndef phase1():\n    # 現在のインデックスを取得\n    idx = app.config[\"CURRENT_INDEX\"]\n    data = app.config[\"SHUFFLED_DATA\"]\n    \n    # フェーズを明示的に1に設定しておく\n    app.config[\"PHASE\"] = 1\n    \n    # 10件切り出して返す (範囲外チェックは省略)\n    slice_data = data[idx:idx+10]\n    response_data = []\n    for eng, jpn in slice_data:\n        response_data.append({\"English\": eng, \"Japanese\": jpn})\n\n    return jsonify({\n        \"message\": \"Phase1: Listen and read these 10 rows.\",\n        \"phase\": app.config[\"PHASE\"],\n        \"current_index\": idx,\n        \"rows\": response_data\n    })\n\n# -----------------------------\n# エンドポイント: /phase2\n# Phase1の10行から、動詞・前置詞・接続詞をマスクして返す\n# -----------------------------\n@app.route(\"/phase2\", methods=[\"GET\"])\ndef phase2():\n    idx = app.config[\"CURRENT_INDEX\"]\n    data = app.config[\"SHUFFLED_DATA\"]\n    \n    # フェーズを2に更新\n    app.config[\"PHASE\"] = 2\n    \n    # 10件切り出してマスキング\n    slice_data = data[idx:idx+10]\n    masked_rows = []\n\n    # 簡易マスキング例 (実際は NLTK pos_tag などで検出)\n    for eng, jpn in slice_data:\n        tokens = nltk.word_tokenize(eng)       # [\"I\", \"play\", \"football\", \"with\", \"John\", ...]\n        tagged = nltk.pos_tag(tokens)          # [(\"I\",\"PRP\"), (\"play\",\"VB\"), ...]\n        \n        masked_sentence = []\n        for word, pos in tagged:\n            # 動詞 (VB, VBD, VBG...), 前置詞 (IN)、接続詞 (CC) などを単純に if でチェック\n            if pos.startswith(\"VB\") or pos == \"IN\" or pos == \"CC\":\n                masked_sentence.append(\"____\")\n            else:\n                masked_sentence.append(word)\n        \n        masked_rows.append({\n            \"original_english\": eng,\n            \"japanese\": jpn,\n            \"masked_english\": \" \".join(masked_sentence)\n        })\n    \n    return jsonify({\n        \"message\": \"Phase2: Here are your masked rows. Fill the blanks!\",\n        \"phase\": app.config[\"PHASE\"],\n        \"current_index\": idx,\n        \"rows\": masked_rows\n    })\n\n# -----------------------------\n# エンドポイント: /check_answer\n# ユーザーが送信した回答を判定する (簡易実装)\n# -----------------------------\n@app.route(\"/check_answer\", methods=[\"POST\"])\ndef check_answer():\n    # 例: {\n    #   \"original_english\": \"I play football with John.\",\n    #   \"answers\": [\"play\", \"with\"],\n    #   \"masked_english\": \"I ____ football ____ John.\"\n    # }\n    \n    data = request.get_json()\n    original = data.get(\"original_english\", \"\")\n    answers = data.get(\"answers\", [])\n    masked_english = data.get(\"masked_english\", \"\")\n\n    # 実際にはNLPで正確に比較してもいいし、単語ごとに1対1対応でチェックしてもよい\n    # ここでは非常に簡単なダミー判定\n    #  - originalから動詞, 前置詞, 接続詞を抽出し、それらが answers に含まれているかをチェック\n    tokens = nltk.word_tokenize(original)\n    tagged = nltk.pos_tag(tokens)\n    \n    correct_tags = []\n    for w, pos in tagged:\n        if pos.startswith(\"VB\") or pos == \"IN\" or pos == \"CC\":\n            correct_tags.append(w.lower())  # 正解候補\n    \n    # 正答カウント\n    correct_count = 0\n    for ans in answers:\n        if ans.lower() in correct_tags:\n            correct_count += 1\n    \n    # シンプルなフィードバック\n    feedback = f\"{correct_count}/{len(correct_tags)} correct answers.\"\n    \n    return jsonify({\n        \"message\": \"Answer checked.\",\n        \"feedback\": feedback,\n        \"correct_count\": correct_count,\n        \"required\": len(correct_tags)\n    })\n\n# -----------------------------\n# エンドポイント: /next_phase\n# サイクル制御 (Phase3 相当) → 次へ進む or 終了チェック\n# -----------------------------\n@app.route(\"/next_phase\", methods=[\"POST\"])\ndef next_phase():\n    # 現在のindexを +10\n    app.config[\"CURRENT_INDEX\"] += 10\n    \n    # もしデータ数を超えたなら終了またはループなどのロジック\n    data_length = len(app.config[\"SHUFFLED_DATA\"])\n    if app.config[\"CURRENT_INDEX\"] >= data_length:\n        return jsonify({\n            \"message\": \"All data exhausted. Training complete!\",\n            \"phase\": \"complete\",\n            \"current_index\": app.config[\"CURRENT_INDEX\"]\n        })\n    \n    # これでフェーズを1に戻す (Phase3からPhase1へ)\n    app.config[\"PHASE\"] = 1\n    return jsonify({\n        \"message\": \"Moved to next set of 10 rows.\",\n        \"phase\": app.config[\"PHASE\"],\n        \"current_index\": app.config[\"CURRENT_INDEX\"]\n    })\n\n# -----------------------------\n# エンドポイント: /getSound (ダミー)\n# 実際の音声ファイルは返さず、ダミーデータやステータスを返すだけ\n# -----------------------------\n@app.route(\"/getSound\", methods=[\"GET\"])\ndef get_sound():\n    # ダミーで何か固定のレスポンスを返すだけの例\n    return jsonify({\n        \"message\": \"This endpoint is a dummy. No audio file is returned.\",\n        \"sound_url\": None\n    })\n\n# -----------------------------\n# Flaskアプリ起動\n# -----------------------------\nif __name__ == \"__main__\":\n    # 開発時に使うポートなどを設定\n    app.run(host=\"0.0.0.0\", port=5000, debug=True)\n"
    },
    "excerption.py": "import os\nimport json\n\ndef extract_structure(base_path, exclude_dirs=None):\n    \"\"\"\n    Recursively extracts the directory structure and file contents starting from base_path,\n    excluding specified directories.\n    \n    Args:\n        base_path (str): The root directory path to start extraction.\n        exclude_dirs (set, optional): A set of directory names to exclude. Defaults to None.\n        \n    Returns:\n        dict: A nested dictionary representing the directory structure and file contents.\n    \"\"\"\n    if exclude_dirs is None:\n        exclude_dirs = set()\n    structure = {}\n    for item in os.listdir(base_path):\n        item_path = os.path.join(base_path, item)\n        if os.path.isdir(item_path):\n            if item in exclude_dirs:\n                print(f\"Skipping directory: {item_path}\")\n                continue\n            # Recursively extract subdirectories\n            structure[item] = extract_structure(item_path, exclude_dirs)\n        else:\n            # Read file content\n            if \"package\" in item:\n                print(f\"Skipping file: {item_path}\")\n                continue\n            try:\n                with open(item_path, 'r', encoding='utf-8') as f:\n                    content = f.read()\n            except (UnicodeDecodeError, PermissionError) as e:\n                # If the file is binary or unreadable, represent content as None or a placeholder\n                print(f\"Cannot read file: {item_path}. Reason: {e}\")\n                content = None\n            structure[item] = content\n    return structure\n\ndef main():\n    # Specify the path to the project directory you want to extract\n    PROJECT_PATH = \"./\"  # Change this to your project directory\n    \n    # Specify directories to exclude\n    EXCLUDE_DIRS = {\"node_modules\", \".git\", \"__pycache__\", \"dist\", \"build\",\"exclude\"}  # Add or remove as needed\n    \n    if not os.path.exists(PROJECT_PATH):\n        print(f\"Error: The directory '{PROJECT_PATH}' does not exist.\")\n        return\n    \n    # Extract the structure with exclusions\n    project_structure = extract_structure(PROJECT_PATH, exclude_dirs=EXCLUDE_DIRS)\n    \n    # Serialize the structure to a JSON file for easy viewing\n    output_file = \"exclude/project_structure.json\"\n    try:\n        with open(output_file, 'w', encoding='utf-8') as f:\n            json.dump(project_structure, f, ensure_ascii=False, indent=4)\n        print(f\"Project structure has been extracted and saved to '{output_file}'.\")\n    except IOError as e:\n        print(f\"Failed to write to '{output_file}'. Reason: {e}\")\n\nif __name__ == \"__main__\":\n    main()\n",
    "placeEm.py": "import os\n\n# プロジェクトのルートディレクトリ名\nPROJECT_NAME = \"GloSoc&Tec-prj1-EnLearn\"\n\n# ディレクトリとファイルの構造を辞書で定義\nstructure = {\n    \"public\": {\n        \"index.html\": \"\"\"<!DOCTYPE html>\n<html lang=\"en\">\n<head>\n    <meta charset=\"UTF-8\">\n    <meta http-equiv=\"X-UA-Compatible\" content=\"IE=edge\">\n    <meta name=\"viewport\" content=\"width=device-width, initial-scale=1.0\">\n    <title>Interactive Learning Tool</title>\n</head>\n<body>\n    <div id=\"root\"></div>\n</body>\n</html>\n\"\"\"\n    },\n    \"src\": {\n        \"components\": {\n            \"AudioPlayer.jsx\": \"\"\"import React from 'react';\n\nconst AudioPlayer = ({ src }) => {\n    return (\n        <div>\n            <audio controls>\n                <source src={src} type=\"audio/mpeg\" />\n                Your browser does not support the audio element.\n            </audio>\n        </div>\n    );\n};\n\nexport default AudioPlayer;\n\"\"\",\n            \"Phase1Reading.jsx\": \"\"\"import React from 'react';\nimport AudioPlayer from './AudioPlayer';\n\nconst Phase1Reading = ({ rows, soundUrl }) => {\n    return (\n        <div>\n            <h2>Phase1: Listen and Read</h2>\n            <AudioPlayer src={soundUrl} />\n            <ul>\n                {rows.map((item, index) => (\n                    <li key={index}>\n                        <strong>English:</strong> {item.English}<br />\n                        <strong>Japanese:</strong> {item.Japanese}\n                    </li>\n                ))}\n            </ul>\n        </div>\n    );\n};\n\nexport default Phase1Reading;\n\"\"\",\n            \"Phase2Masking.jsx\": \"\"\"import React, { useState } from 'react';\nimport axios from '../services/api';\n\nconst Phase2Masking = ({ maskedRows }) => {\n    const [answers, setAnswers] = useState({});\n    const [feedback, setFeedback] = useState(null);\n\n    const handleChange = (e, index, field) => {\n        setAnswers({\n            ...answers,\n            [index]: {\n                ...answers[index],\n                [field]: e.target.value\n            }\n        });\n    };\n\n    const handleSubmit = async (e) => {\n        e.preventDefault();\n        try {\n            const payload = {\n                answers: Object.values(answers)\n            };\n            const response = await axios.checkAnswer(payload);\n            setFeedback(response.feedback);\n        } catch (error) {\n            console.error(\"Error checking answers:\", error);\n        }\n    };\n\n    return (\n        <div>\n            <h2>Phase2: Fill in the Blanks</h2>\n            <form onSubmit={handleSubmit}>\n                {maskedRows.map((item, index) => (\n                    <div key={index}>\n                        <p>{item.masked_english}</p>\n                        <input\n                            type=\"text\"\n                            placeholder=\"Your answer\"\n                            value={answers[index]?.word || ''}\n                            onChange={(e) => handleChange(e, index, 'word')}\n                        />\n                    </div>\n                ))}\n                <button type=\"submit\">Submit Answers</button>\n            </form>\n            {feedback && <div>{feedback}</div>}\n        </div>\n    );\n};\n\nexport default Phase2Masking;\n\"\"\"\n        },\n        \"pages\": {\n            \"StartPage.jsx\": \"\"\"import React from 'react';\nimport { useNavigate } from 'react-router-dom';\nimport { startLearning } from '../services/api';\n\nconst StartPage = () => {\n    const navigate = useNavigate();\n\n    const handleStart = async () => {\n        try {\n            const response = await startLearning(42); // シード値を指定\n            navigate('/phase1');\n        } catch (error) {\n            console.error(\"Error starting learning:\", error);\n        }\n    };\n\n    return (\n        <div>\n            <h1>Welcome to the Interactive Learning Tool</h1>\n            <button onClick={handleStart}>Start Learning</button>\n        </div>\n    );\n};\n\nexport default StartPage;\n\"\"\",\n            \"Phase1Page.jsx\": \"\"\"import React, { useEffect, useState } from 'react';\nimport { useNavigate } from 'react-router-dom';\nimport { getPhase1Data } from '../services/api';\nimport Phase1Reading from '../components/Phase1Reading';\n\nconst Phase1Page = () => {\n    const [rows, setRows] = useState([]);\n    const [soundUrl, setSoundUrl] = useState(null);\n    const navigate = useNavigate();\n\n    useEffect(() => {\n        const fetchData = async () => {\n            try {\n                const data = await getPhase1Data();\n                setRows(data.rows);\n                // ダミーの音声URLを設定\n                setSoundUrl(null); // 実際にはdata.sound_urlを設定\n            } catch (error) {\n                console.error(\"Error fetching Phase1 data:\", error);\n            }\n        };\n        fetchData();\n    }, []);\n\n    const handleNext = () => {\n        navigate('/phase2');\n    };\n\n    return (\n        <div>\n            <Phase1Reading rows={rows} soundUrl={soundUrl} />\n            <button onClick={handleNext}>Next Phase</button>\n        </div>\n    );\n};\n\nexport default Phase1Page;\n\"\"\",\n            \"Phase2Page.jsx\": \"\"\"import React, { useEffect, useState } from 'react';\nimport { useNavigate } from 'react-router-dom';\nimport { getPhase2Data, nextPhase } from '../services/api';\nimport Phase2Masking from '../components/Phase2Masking';\n\nconst Phase2Page = () => {\n    const [maskedRows, setMaskedRows] = useState([]);\n    const navigate = useNavigate();\n\n    useEffect(() => {\n        const fetchMaskedData = async () => {\n            try {\n                const data = await getPhase2Data();\n                setMaskedRows(data.rows);\n            } catch (error) {\n                console.error(\"Error fetching Phase2 data:\", error);\n            }\n        };\n        fetchMaskedData();\n    }, []);\n\n    const handleNext = async () => {\n        try {\n            const response = await nextPhase();\n            if (response.phase === 1) {\n                navigate('/phase1');\n            } else {\n                navigate('/summary');\n            }\n        } catch (error) {\n            console.error(\"Error moving to next phase:\", error);\n        }\n    };\n\n    return (\n        <div>\n            <Phase2Masking maskedRows={maskedRows} />\n            <button onClick={handleNext}>Next Phase</button>\n        </div>\n    );\n};\n\nexport default Phase2Page;\n\"\"\",\n            \"SummaryPage.jsx\": \"\"\"import React from 'react';\nimport { useNavigate } from 'react-router-dom';\n\nconst SummaryPage = () => {\n    const navigate = useNavigate();\n\n    const handleRestart = () => {\n        navigate('/start');\n    };\n\n    return (\n        <div>\n            <h2>Congratulations! You've completed the training.</h2>\n            <button onClick={handleRestart}>Restart Learning</button>\n        </div>\n    );\n};\n\nexport default SummaryPage;\n\"\"\"\n        },\n        \"routes\": {\n            \"AppRoutes.jsx\": \"\"\"import React from 'react';\nimport { Routes, Route } from 'react-router-dom';\nimport StartPage from '../pages/StartPage.jsx';\nimport Phase1Page from '../pages/Phase1Page.jsx';\nimport Phase2Page from '../pages/Phase2Page.jsx';\nimport SummaryPage from '../pages/SummaryPage.jsx';\n\nconst AppRoutes = () => {\n    return (\n        <Routes>\n            <Route path=\"/\" element={<StartPage />} />\n            <Route path=\"/phase1\" element={<Phase1Page />} />\n            <Route path=\"/phase2\" element={<Phase2Page />} />\n            <Route path=\"/summary\" element={<SummaryPage />} />\n        </Routes>\n    );\n};\n\nexport default AppRoutes;\n\"\"\"\n        },\n        \"services\": {\n            \"api.js\": \"\"\"import axios from 'axios';\n\nconst API_BASE = \"http://localhost:5000\"; // FlaskサーバーのURL\n\nexport const startLearning = async (seed) => {\n    const response = await axios.get(`${API_BASE}/start`, { params: { seed } });\n    return response.data;\n};\n\nexport const getPhase1Data = async () => {\n    const response = await axios.get(`${API_BASE}/phase1`);\n    return response.data;\n};\n\nexport const getPhase2Data = async () => {\n    const response = await axios.get(`${API_BASE}/phase2`);\n    return response.data;\n};\n\nexport const checkAnswer = async (payload) => {\n    const response = await axios.post(`${API_BASE}/check_answer`, payload);\n    return response.data;\n};\n\nexport const nextPhase = async () => {\n    const response = await axios.post(`${API_BASE}/next_phase`);\n    return response.data;\n};\n\nexport const getSound = async () => {\n    const response = await axios.get(`${API_BASE}/getSound`);\n    return response.data;\n};\n\"\"\"\n        },\n        \"context\": {\n            \"AppContext.js\": \"\"\"import React, { createContext, useState } from 'react';\n\nexport const AppContext = createContext();\n\nconst AppContextProvider = ({ children }) => {\n    const [state, setState] = useState({\n        // グローバルな状態をここに定義\n    });\n\n    return (\n        <AppContext.Provider value={{ state, setState }}>\n            {children}\n        </AppContext.Provider>\n    );\n};\n\nexport default AppContextProvider;\n\"\"\"\n        },\n        \"App.js\": \"\"\"import React from 'react';\nimport { BrowserRouter as Router } from 'react-router-dom';\nimport AppRoutes from './routes/AppRoutes.jsx';\nimport AppContextProvider from './context/AppContext.js';\n\nconst App = () => {\n    return (\n        <AppContextProvider>\n            <Router>\n                <AppRoutes />\n            </Router>\n        </AppContextProvider>\n    );\n};\n\nexport default App;\n\"\"\",\n        \"index.js\": \"\"\"import React from 'react';\nimport ReactDOM from 'react-dom';\nimport App from './App.js';\nimport './index.css';\n\nReactDOM.render(\n    <React.StrictMode>\n        <App />\n    </React.StrictMode>,\n    document.getElementById('root')\n);\n\"\"\",\n        \"index.css\": \"\"\"body {\n    font-family: Arial, sans-serif;\n    margin: 0;\n    padding: 0;\n}\n\nbutton {\n    padding: 10px 20px;\n    margin: 20px 0;\n    font-size: 16px;\n}\n\"\"\"\n    }\n}\n\ndef create_structure(base_path, structure_dict):\n    for name, content in structure_dict.items():\n        path = os.path.join(base_path, name)\n        if isinstance(content, dict):\n            os.makedirs(path, exist_ok=True)\n            create_structure(path, content)\n        else:\n            # ファイルを作成し、内容を書き込む\n            with open(path, 'w', encoding='utf-8') as f:\n                f.write(content)\n            print(f\"Created file: {path}\")\n\ndef main():\n    # プロジェクトディレクトリを作成\n    if not os.path.exists(PROJECT_NAME):\n        os.makedirs(PROJECT_NAME)\n        print(f\"Created project directory: {PROJECT_NAME}\")\n    else:\n        print(f\"Project directory already exists: {PROJECT_NAME}\")\n\n    # ディレクトリ構造とファイルを作成\n    create_structure(PROJECT_NAME, structure)\n\nif __name__ == \"__main__\":\n    main()\n",
    "public": {
        "favicon.ico": null,
        "index.html": "<!DOCTYPE html>\n<html lang=\"en\">\n<head>\n  <meta charset=\"UTF-8\" />\n  <meta http-equiv=\"X-UA-Compatible\" content=\"IE=edge\" />\n  <meta name=\"viewport\" content=\"width=device-width, initial-scale=1.0\" />\n  <title>Interactive Learning Tool</title>\n</head>\n<body>\n  <div id=\"root\"></div>\n</body>\n</html>\n"
    },
    "README.md": "# GloSoc-Tec-prj1-EnLearn",
    "src": {
        "App.js": "import React from 'react';\nimport { BrowserRouter as Router } from 'react-router-dom';\nimport AppRoutes from './routes/AppRoutes';\nimport AppContextProvider from './context/AppContext';\n\nconst App = () => {\n  return (\n    <AppContextProvider>\n      <Router>\n        <AppRoutes />\n      </Router>\n    </AppContextProvider>\n  );\n};\n\nexport default App;\n",
        "components": {
            "AudioPlayer.jsx": "import React from 'react';\n\nconst AudioPlayer = ({ src }) => {\n  if (!src) {\n    return <div style={{ color: 'gray' }}>No audio available</div>;\n  }\n\n  return (\n    <div>\n      <audio controls>\n        <source src={src} type=\"audio/mpeg\" />\n        Your browser does not support the audio element.\n      </audio>\n    </div>\n  );\n};\n\nexport default AudioPlayer;\n",
            "Phase1Reading.jsx": "import React from 'react';\nimport AudioPlayer from './AudioPlayer';\n\nconst Phase1Reading = ({ rows, soundUrl }) => {\n  return (\n    <div>\n      <h2>Phase1: Listen and Read</h2>\n      <AudioPlayer src={soundUrl} />\n      <ul>\n        {rows.map((item, index) => (\n          <li key={index}>\n            <strong>English:</strong> {item.English}<br />\n            <strong>Japanese:</strong> {item.Japanese}\n          </li>\n        ))}\n      </ul>\n    </div>\n  );\n};\n\nexport default Phase1Reading;\n",
            "Phase2Masking.jsx": "import React, { useState } from 'react';\nimport { checkAnswer } from '../services/api';\n\nconst Phase2Masking = ({ maskedRows }) => {\n  const [answers, setAnswers] = useState({});\n  const [feedback, setFeedback] = useState(null);\n\n  // For each row, we only handle a single input here for demo.\n  // If multiple masks exist, you'll need multiple inputs.\n  const handleChange = (e, index) => {\n    setAnswers({ ...answers, [index]: e.target.value });\n  };\n\n  const handleSubmit = async (e) => {\n    e.preventDefault();\n    if (maskedRows.length === 0) {\n      return;\n    }\n\n    try {\n      // For simplicity, let's check only the first row in detail.\n      // In a real scenario, you'd want to send all masked items.\n      const payload = {\n        // Example payload format for the back end:\n        original_english: maskedRows[0].original_english,\n        masked_english: maskedRows[0].masked_english,\n        answers: Object.values(answers) // e.g. an array of strings\n      };\n\n      const response = await checkAnswer(payload);\n      setFeedback(response.feedback);\n    } catch (error) {\n      console.error('Error checking answers:', error);\n    }\n  };\n\n  return (\n    <div>\n      <h2>Phase2: Fill in the Blanks</h2>\n      {maskedRows.map((item, index) => (\n        <div key={index} style={{ marginBottom: '1rem' }}>\n          <p>{item.masked_english}</p>\n          <input\n            type=\"text\"\n            placeholder=\"Your answer...\"\n            value={answers[index] || ''}\n            onChange={(e) => handleChange(e, index)}\n          />\n        </div>\n      ))}\n\n      <button onClick={handleSubmit}>Check Answers</button>\n\n      {feedback && (\n        <div style={{ marginTop: '1rem', fontWeight: 'bold' }}>\n          Feedback: {feedback}\n        </div>\n      )}\n    </div>\n  );\n};\n\nexport default Phase2Masking;\n"
        },
        "context": {
            "AppContext.js": "import React, { createContext, useState } from 'react';\n\nexport const AppContext = createContext();\n\nconst AppContextProvider = ({ children }) => {\n  const [appState, setAppState] = useState({\n    // You can store any global data here, e.g. user info, current phase, etc.\n    user: null,\n    phase: 1,\n  });\n\n  return (\n    <AppContext.Provider value={{ appState, setAppState }}>\n      {children}\n    </AppContext.Provider>\n  );\n};\n\nexport default AppContextProvider;\n"
        },
        "index.css": "body {\n    margin: 0;\n    padding: 0;\n    font-family: Arial, sans-serif;\n  }\n  \n  h1, h2, h3 {\n    margin-bottom: 1rem;\n    color: #333;\n  }\n  \n  button {\n    cursor: pointer;\n    padding: 8px 16px;\n    margin: 16px 0;\n  }\n  \n  ul {\n    list-style-type: none;\n    padding: 0;\n  }\n  \n  li {\n    margin-bottom: 0.5rem;\n  }\n  ",
        "index.js": "import React from 'react';\nimport ReactDOM from 'react-dom';\nimport App from './App';\nimport './index.css';\n\nReactDOM.render(\n  <React.StrictMode>\n    <App />\n  </React.StrictMode>,\n  document.getElementById('root')\n);\n",
        "pages": {
            "Phase1Page.jsx": "import React, { useEffect, useState } from 'react';\nimport { useNavigate } from 'react-router-dom';\nimport { getPhase1Data } from '../services/api';\nimport Phase1Reading from '../components/Phase1Reading';\n\nconst Phase1Page = () => {\n  const [rows, setRows] = useState([]);\n  const [soundUrl, setSoundUrl] = useState(null);\n  const navigate = useNavigate();\n\n  useEffect(() => {\n    const fetchData = async () => {\n      try {\n        const data = await getPhase1Data();\n        setRows(data.rows);\n\n        // If the API returns a sound URL in the future, set it here\n        // For now, we leave this as null or a placeholder\n        setSoundUrl(null);\n      } catch (error) {\n        console.error('Error fetching Phase1 data:', error);\n      }\n    };\n    fetchData();\n  }, []);\n\n  const handleNext = () => {\n    navigate('/phase2');\n  };\n\n  return (\n    <div style={{ padding: '16px' }}>\n      <Phase1Reading rows={rows} soundUrl={soundUrl} />\n      <button onClick={handleNext}>Next Phase</button>\n    </div>\n  );\n};\n\nexport default Phase1Page;\n",
            "Phase2Page.jsx": "import React, { useEffect, useState } from 'react';\nimport { useNavigate } from 'react-router-dom';\nimport { getPhase2Data, nextPhase } from '../services/api';\nimport Phase2Masking from '../components/Phase2Masking';\n\nconst Phase2Page = () => {\n  const [maskedRows, setMaskedRows] = useState([]);\n  const navigate = useNavigate();\n\n  useEffect(() => {\n    const fetchMaskedData = async () => {\n      try {\n        const data = await getPhase2Data();\n        setMaskedRows(data.rows);\n      } catch (error) {\n        console.error('Error fetching Phase2 data:', error);\n      }\n    };\n    fetchMaskedData();\n  }, []);\n\n  const handleNext = async () => {\n    try {\n      const response = await nextPhase();\n      if (response.phase === 1) {\n        // Phase reset, go to Phase1\n        navigate('/phase1');\n      } else if (response.phase === 'complete') {\n        // Or if the back end indicates we're done\n        navigate('/summary');\n      } else {\n        // Otherwise loop back to Phase1 or handle other logic\n        navigate('/phase1');\n      }\n    } catch (error) {\n      console.error('Error moving to next phase:', error);\n    }\n  };\n\n  return (\n    <div style={{ padding: '16px' }}>\n      <Phase2Masking maskedRows={maskedRows} />\n      <button onClick={handleNext}>Next Phase</button>\n    </div>\n  );\n};\n\nexport default Phase2Page;\n",
            "StartPage.jsx": "import React from 'react';\nimport { useNavigate } from 'react-router-dom';\nimport { startLearning } from '../services/api';\n\nconst StartPage = () => {\n  const navigate = useNavigate();\n\n  const handleStart = async () => {\n    try {\n      // Example: use a hard-coded seed\n      await startLearning(42);\n      navigate('/phase1');\n    } catch (error) {\n      console.error('Error starting learning:', error);\n    }\n  };\n\n  return (\n    <div style={{ padding: '16px' }}>\n      <h1>Welcome to the Interactive Learning Tool</h1>\n      <p>This demo shows a Phase-based English learning flow.</p>\n      <button onClick={handleStart}>Start Learning</button>\n    </div>\n  );\n};\n\nexport default StartPage;\n",
            "SummaryPage.jsx": "import React from 'react';\nimport { useNavigate } from 'react-router-dom';\n\nconst SummaryPage = () => {\n  const navigate = useNavigate();\n\n  const handleRestart = () => {\n    navigate('/');\n  };\n\n  return (\n    <div style={{ padding: '16px' }}>\n      <h2>Congratulations! You've completed the training.</h2>\n      <p>Feel free to restart or explore other features.</p>\n      <button onClick={handleRestart}>Restart Learning</button>\n    </div>\n  );\n};\n\nexport default SummaryPage;\n"
        },
        "routes": {
            "AppRoutes.jsx": "import React from 'react';\nimport { Routes, Route } from 'react-router-dom';\nimport StartPage from '../pages/StartPage';\nimport Phase1Page from '../pages/Phase1Page';\nimport Phase2Page from '../pages/Phase2Page';\nimport SummaryPage from '../pages/SummaryPage';\n\nconst AppRoutes = () => {\n  return (\n    <Routes>\n      <Route path=\"/\" element={<StartPage />} />\n      <Route path=\"/phase1\" element={<Phase1Page />} />\n      <Route path=\"/phase2\" element={<Phase2Page />} />\n      <Route path=\"/summary\" element={<SummaryPage />} />\n    </Routes>\n  );\n};\n\nexport default AppRoutes;\n"
        },
        "services": {
            "api.js": "import axios from 'axios';\n\n// If you don't use a proxy in package.json, specify full URL:\n// e.g. const API_BASE = 'http://localhost:5000';\n// If you use \"proxy\": \"http://localhost:5000\" in package.json,\n// you can just do: const API_BASE = '';\nconst API_BASE = 'http://localhost:5000';\n\nexport const startLearning = async (seed) => {\n  const response = await axios.get(`${API_BASE}/start`, {\n    params: { seed },\n  });\n  return response.data;\n};\n\nexport const getPhase1Data = async () => {\n  const response = await axios.get(`${API_BASE}/phase1`);\n  return response.data;\n};\n\nexport const getPhase2Data = async () => {\n  const response = await axios.get(`${API_BASE}/phase2`);\n  return response.data;\n};\n\nexport const checkAnswer = async (payload) => {\n  const response = await axios.post(`${API_BASE}/check_answer`, payload);\n  return response.data;\n};\n\nexport const nextPhase = async () => {\n  const response = await axios.post(`${API_BASE}/next_phase`);\n  return response.data;\n};\n\nexport const getSound = async () => {\n  const response = await axios.get(`${API_BASE}/getSound`);\n  return response.data;\n};\n"
        }
    },
    "tmp.py": "print(\"I know that you are temporal. Welcome back.\")\nimport os\nos.system(\"echo Hello world!\")\nimport time\nimport datetime\nos.system(f\"echo {datetime.datetime.now().strftime('%Y-%m-%d %H:%M:%S')}\")\ndef greeting(CurrentTime):\n    \"\"\"\n    return greeting from current time.\n    \"\"\"\n    if 5 <= CurrentTime.hour < 12:\n        return \"Good morning!\"\n    elif 12 <= CurrentTime.hour < 18:\n        return \"Good afternoon!\"\n    elif 18 <= CurrentTime.hour < 22:\n        return \"Good evening!\"\n    else:\n        return \"Good night!\"\nCurrentTime = datetime.datetime.now()\nprint(f\"{greeting(CurrentTime)}\")\n\ndef daily_tips():\n    tips = [\n        \"Use version control (Git) for all your projects.\",\n        \"Write clean, readable, and well-documented code.\",\n        \"Test your code thoroughly.\",\n        \"Break down complex problems into smaller, manageable tasks.\",\n        \"Use a debugger to help identify and fix bugs.\",\n        \"Learn to use a linter to improve code quality.\",\n        \"Follow coding style guidelines consistently.\",\n        \"Use meaningful variable and function names.\",\n        \"Avoid code duplication.\",\n        \"Refactor your code regularly to improve its design.\",\n        \"Use comments to explain complex logic.\",\n        \"Write unit tests before writing code (Test-Driven Development).\",\n        \"Use a consistent indentation style.\",\n        \"Learn to use a build system (e.g., Make, Gradle).\",\n        \"Use a package manager (e.g., npm, pip).\",\n        \"Learn about design patterns.\",\n        \"Understand the time complexity of your algorithms.\",\n        \"Optimize your code for performance.\",\n        \"Use profiling tools to identify performance bottlenecks.\",\n        \"Learn about different data structures and algorithms.\",\n        \"Use a code editor or IDE with good features.\",\n        \"Learn to use the command line effectively.\",\n        \"Use a virtual environment for your projects.\",\n        \"Keep your codebase organized.\",\n        \"Use a collaborative code review process.\",\n        \"Learn about different programming paradigms.\",\n        \"Stay up-to-date with the latest technologies.\",\n        \"Read books and articles about software development.\",\n        \"Attend conferences and workshops.\",\n        \"Network with other developers.\",\n        \"Contribute to open-source projects.\",\n        \"Learn a new programming language.\",\n        \"Practice regularly.\",\n        \"Don't be afraid to ask for help.\",\n        \"Take breaks to avoid burnout.\",\n        \"Get enough sleep.\",\n        \"Exercise regularly.\",\n        \"Eat healthy food.\",\n        \"Stay hydrated.\",\n        \"Manage your stress levels.\",\n        \"Set realistic goals.\",\n        \"Prioritize tasks effectively.\",\n        \"Learn to say no.\",\n        \"Delegate tasks when possible.\",\n        \"Take time to learn new things.\",\n        \"Be patient and persistent.\",\n        \"Celebrate your successes.\",\n        \"Learn from your mistakes.\",\n        \"Don't be afraid to experiment.\",]\n    import random\n    tip = random.choice(tips)\n    return tip\n\n        \nprint(f\"As it is {datetime.datetime.now().strftime('%Y-%m-%d %H:%M:%S')} now,{greeting(CurrentTime)} Keep up the great work!  You're doing awesome.\\n {daily_tips()}\")\nif 22 <= CurrentTime.hour < 24 or 0 <= CurrentTime.hour < 5:\n    print(\"It's late.  Remember to take breaks and get enough sleep.  Your well-being is important!\")\nelse:\n    print(\"Hey, you can still work! Make efforts if you have done other reports or work.\")\n\"\"\"Evaluation\nInitialization, this is a simple Python script that prints a greeting and a daily tip based on the current time.  It uses the `datetime` module to get the current time and a list of daily tips to choose from randomly.  The script also includes error handling and provides encouragement to the user.\n\n\"\"\"",
    "webpack.config.js": "const path = require('path');\n\nmodule.exports = {\n  entry: './src/index.js',\n  output: {\n    path: path.resolve(__dirname, 'dist'),\n    filename: 'bundle.js',\n    publicPath: '/'\n  },\n  mode: 'development',\n  module: {\n    rules: [\n      {\n        test: /\\.(js|jsx)$/,\n        exclude: /node_modules/,\n        use: 'babel-loader'\n      },\n      {\n        test: /\\.css$/,\n        use: ['style-loader', 'css-loader']\n      }\n    ]\n  },\n  resolve: {\n    extensions: ['.js', '.jsx']\n  },\n  devServer: {\n    static: {\n      directory: path.join(__dirname, 'public'),\n    },\n    historyApiFallback: true,\n    port: 3000\n  }\n};\n"
}